-- MySQL dump 10.13  Distrib 9.3.0, for macos15.2 (arm64)
--
-- Host: localhost    Database: billing_app
-- ------------------------------------------------------
-- Server version	9.3.0

/*!40101 SET @OLD_CHARACTER_SET_CLIENT=@@CHARACTER_SET_CLIENT */;
/*!40101 SET @OLD_CHARACTER_SET_RESULTS=@@CHARACTER_SET_RESULTS */;
/*!40101 SET @OLD_COLLATION_CONNECTION=@@COLLATION_CONNECTION */;
/*!50503 SET NAMES utf8mb4 */;
/*!40103 SET @OLD_TIME_ZONE=@@TIME_ZONE */;
/*!40103 SET TIME_ZONE='+00:00' */;
/*!40014 SET @OLD_UNIQUE_CHECKS=@@UNIQUE_CHECKS, UNIQUE_CHECKS=0 */;
/*!40014 SET @OLD_FOREIGN_KEY_CHECKS=@@FOREIGN_KEY_CHECKS, FOREIGN_KEY_CHECKS=0 */;
/*!40101 SET @OLD_SQL_MODE=@@SQL_MODE, SQL_MODE='NO_AUTO_VALUE_ON_ZERO' */;
/*!40111 SET @OLD_SQL_NOTES=@@SQL_NOTES, SQL_NOTES=0 */;

--
-- Table structure for table `tbl_category`
--

DROP TABLE IF EXISTS `tbl_category`;
/*!40101 SET @saved_cs_client     = @@character_set_client */;
/*!50503 SET character_set_client = utf8mb4 */;
CREATE TABLE `tbl_category` (
  `id` bigint NOT NULL AUTO_INCREMENT,
  `bg_color` varchar(255) DEFAULT NULL,
  `category_id` varchar(255) DEFAULT NULL,
  `created_at` datetime(6) DEFAULT NULL,
  `description` varchar(255) DEFAULT NULL,
  `img_url` varchar(255) DEFAULT NULL,
  `name` varchar(255) DEFAULT NULL,
  `updated_at` datetime(6) DEFAULT NULL,
  PRIMARY KEY (`id`),
  UNIQUE KEY `UK6tqm19rficylm9e18oxdvr350` (`category_id`),
  UNIQUE KEY `UK8f25rdca1qev4kqtyrxwsx0k8` (`name`)
) ENGINE=InnoDB AUTO_INCREMENT=11 DEFAULT CHARSET=utf8mb4 COLLATE=utf8mb4_0900_ai_ci;
/*!40101 SET character_set_client = @saved_cs_client */;

--
-- Dumping data for table `tbl_category`
--

LOCK TABLES `tbl_category` WRITE;
/*!40000 ALTER TABLE `tbl_category` DISABLE KEYS */;
INSERT INTO `tbl_category` VALUES (2,'#c2eaf9','a0e47c12-ec33-4c85-b320-b6a11e98537f','2025-06-10 13:46:12.188770','Explore our wide range of electronics, including the latest gadgets, appliances, and accessories. ','http://localhost:8080/api/v1.0/uploads/5becd988-464c-4c91-852e-79e31bfce0f3.jpg','Electronics','2025-06-10 13:46:12.189070'),(5,'#9a6b4c','db82e180-10fa-4ea0-85ad-3cfddbcb88e6','2025-06-10 14:23:24.466359','HomeCity is renowned for its exceptional Aesthetic furniture collection that captures the essence of exquisite design and craftsmanship','http://localhost:8080/api/v1.0/uploads/3b09d086-1383-49ad-af72-6dad7667d694.jpg','Furniture','2025-06-10 14:23:24.466463'),(7,'#436fc6','65eeb6fc-6951-4434-b152-38e5c02382e3','2025-06-25 01:01:32.777148','All kind of books are avaiable from romace to thriller , from mystery snoopy ','http://localhost:8080/api/v1.0/uploads/6995203c-4f81-4bb0-84c2-e265b507cce8.jpg','Books','2025-06-25 01:01:32.777229'),(9,'#ba142d','7b043826-18e8-4497-ab7e-d3e1ef15dc73','2025-06-25 01:09:44.850753','Stylish, comfortable, and made to fit your lifestyle. Explore our collection of everyday essentials and statement pieces for every occasion.','http://localhost:8080/api/v1.0/uploads/af2a29fd-f93e-4d67-b9eb-3f08e107ad63.jpg','Clothes','2025-06-25 01:09:44.850784'),(10,'#ecb1c6','0c5a2530-7695-44d4-9eee-682f06ef5b2f','2025-06-25 01:10:33.409529','Discover our wide range of high-quality cosmetic products designed to enhance your natural beauty and elevate your self-care routine. From skin-perfecting foundations and long-lasting lipsticks to nourishing','http://localhost:8080/api/v1.0/uploads/b76e927f-76f5-475a-8e6d-8019869a06ac.avif','Cosmetic','2025-06-25 01:10:33.409566');
/*!40000 ALTER TABLE `tbl_category` ENABLE KEYS */;
UNLOCK TABLES;

--
-- Table structure for table `tbl_items`
--

DROP TABLE IF EXISTS `tbl_items`;
/*!40101 SET @saved_cs_client     = @@character_set_client */;
/*!50503 SET character_set_client = utf8mb4 */;
CREATE TABLE `tbl_items` (
  `id` bigint NOT NULL AUTO_INCREMENT,
  `created_at` datetime(6) DEFAULT NULL,
  `description` varchar(255) DEFAULT NULL,
  `img_url` varchar(255) DEFAULT NULL,
  `item_id` varchar(255) DEFAULT NULL,
  `name` varchar(255) DEFAULT NULL,
  `price` decimal(38,2) DEFAULT NULL,
  `updated_at` datetime(6) DEFAULT NULL,
  `category_id` bigint NOT NULL,
  PRIMARY KEY (`id`),
  UNIQUE KEY `UKbbx9gl7bt5u3ktguqkw59ehhf` (`item_id`),
  KEY `FKrxxi38a9m21eltievg2qhhk2n` (`category_id`),
  CONSTRAINT `FKrxxi38a9m21eltievg2qhhk2n` FOREIGN KEY (`category_id`) REFERENCES `tbl_category` (`id`) ON DELETE RESTRICT
) ENGINE=InnoDB AUTO_INCREMENT=18 DEFAULT CHARSET=utf8mb4 COLLATE=utf8mb4_0900_ai_ci;
/*!40101 SET character_set_client = @saved_cs_client */;

--
-- Dumping data for table `tbl_items`
--

LOCK TABLES `tbl_items` WRITE;
/*!40000 ALTER TABLE `tbl_items` DISABLE KEYS */;
INSERT INTO `tbl_items` VALUES (1,'2025-06-10 13:50:11.417207','MODERN, SLIM DESIGN – The slim profile and modern minimalist design transform your keyboard into a visual statement that will elevate your desk setup, Interface: Wireless','http://localhost:8080/api/v1.0/uploads/bac1b162-4ec4-4b03-ae2a-5b59d0f46114.jpg','c1797767-d6e3-42c4-a992-6198e42fb310','Logitech K580 Slim Multi-Device Wireless KeyBoard',759.00,'2025-06-10 13:50:11.417226',2),(2,'2025-06-10 13:51:56.079432','The Dell Multimedia Keyboard provides a convenient keyboard solution for everyday home or office computing uses. The keyboard\'s full layout with chiclet style keys allows for efficient.','http://localhost:8080/api/v1.0/uploads/f472b55b-32c0-4a55-a17f-f62f65a0b62f.jpg','1839d6fd-d255-4c06-9b89-8f3f04dde10e','Dell KB216-Black Multimedia Wired Keyboard ',580.00,'2025-06-10 13:51:56.079445',2),(3,'2025-06-10 13:53:17.952407','4-𝗶𝗻-𝟭 𝗖𝗼𝗻𝗻𝗲𝗰𝘁𝗶𝘃𝗶𝘁𝘆: Effortlessly switch between 3 Bluetooth devices and 1 USB 2.4 GHz wireless connection for seamless multitasking.\n𝗢𝗻-𝘁𝗵𝗲-𝗙𝗹𝘆 𝗗𝗲𝘃𝗶𝗰𝗲 𝗦𝘄𝗶𝘁𝗰𝗵𝗶𝗻𝗴: Instantly switch between paired devices with dedicated keys for enhanced productivity.','http://localhost:8080/api/v1.0/uploads/77c5ac54-5dda-42c1-a4b3-b1bea62ad80a.jpg','1ad09956-3b0f-4700-b315-78d9c0573669','Amkette New and Improved Optimus BT 4 in 1 Multi Device Wireless Keyboard',789.00,'2025-06-10 13:53:17.952443',2),(4,'2025-06-10 14:09:22.770024','Ultra-quiet mouse with 90% reduced click sound and same click feel eliminates noise and distractions for you and others around you.Comfortable mobile','http://localhost:8080/api/v1.0/uploads/de3bc670-0b9c-4ab6-b0ea-0827c5222b1e.webp','47df2e07-2f5a-4c70-b362-16004f048115','Logitech M221 Wireless Mouse, Silent Buttons, 2.4 GHz with USB Mini Receiver',629.00,'2025-06-10 14:09:22.770036',2),(5,'2025-06-10 14:11:20.470265','The Zeb-Blanc, with its sleek and stylish design, is incredibly lightweight at only 63g. This wireless mouse is convenient to carry and well-suited for everyday use\n','http://localhost:8080/api/v1.0/uploads/628ae3bc-21b7-4b19-be7d-8a390ddb8f9f.webp','ebfdb0fe-ee8a-4f29-ae49-6b2e4baefe7d','ZEBRONICS Blanc Slim Wireless Mouse with Rechargeable Battery,',459.00,'2025-06-10 14:11:20.470287',2),(6,'2025-06-10 14:12:36.824504','A high-resolution, 1600 dpi optical sensor ensures you’ll be smoothly gliding from window-to-window. Cable Length/Type : 1.80 m\nComfortable use for long hours with great performance','http://localhost:8080/api/v1.0/uploads/a5a5173a-f208-4364-8c0f-c3bf490e455d.jpg','5df0340f-9229-475a-9a10-17a3a11fe31d','Portronics Toad One Bluetooth Mouse with 2.4 GHz & BT 5.3 Dual Wireless',320.00,'2025-06-10 14:12:36.824519',2),(8,'2025-06-25 01:11:51.691444','Brighten up your wardrobe with this vibrant yellow jacket that perfectly balances style and functionality. Crafted from high-quality materials, it offers comfort, durability, and a bold pop of color that turns heads.','http://localhost:8080/api/v1.0/uploads/5e18c239-5786-4f05-b66e-a6f14b28751e.png','c9b376ae-8536-43a7-b74b-7d38701a48d0','Jackets Explore & Buy K2 Survivor Jacket Gokyo',799.00,'2025-06-25 01:11:51.691542',9),(9,'2025-06-25 01:12:59.013075','Make a bold style statement with this eye-catching red jacket. Designed to add a fresh burst of color to any outfit, it’s the perfect blend of comfort and confidence. ','http://localhost:8080/api/v1.0/uploads/e1781ad5-7051-49cb-98a6-0a64561e1cf5.png','a289612f-ab42-4764-98ff-dd2152690a5a','Lymio Men Polyester Jackets || Bomber Jacket For Men',500.00,'2025-06-25 01:12:59.013111',9),(10,'2025-06-25 01:13:56.683276','Classic, comfortable, and effortlessly cool. Find your perfect fit with our versatile range of jeans for every style and occasion.','http://localhost:8080/api/v1.0/uploads/82f6afdd-b16e-47a4-a53a-f81c0b98f859.png','1ca99388-9d9d-4a3e-ba8a-82839364659b','The Best Jeans For Women This Winter, Tested By The Fashion Editors',400.00,'2025-06-25 01:13:56.683311',9),(11,'2025-06-25 01:14:47.098803','\nStylish, comfortable, and made to fit your lifestyle. Explore our collection of everyday essentials and statement pieces for every occasion.','http://localhost:8080/api/v1.0/uploads/7ed7ec27-925e-4984-be05-0a8d0afecdf1.png','e20a28dd-1f68-44d7-97a3-d189d6adce13','Buy MAGCOMSEN Men\'s Bomber Jacket Lightweight Casual Windbreaker ',499.00,'2025-06-25 01:14:47.098863',9),(12,'2025-06-25 01:18:07.736805','Primer\nFoundation\nConcealer\nCompact or Setting Powder\nHighlighter\nEyeshadow Palette\nEyeliner\nMascara\nLipstick or Lip Gloss','http://localhost:8080/api/v1.0/uploads/3dfc695f-d611-4088-b50d-d563714f5bc4.png','26a46866-9557-4a0d-963a-010103d60fcf','12 Essential Basic Makeup Products Every Girl Needs In Her Kit ',350.00,'2025-06-25 01:18:07.736811',10),(13,'2025-06-25 01:22:23.236025','ritten by: J.D. Salinger\nLittle, Brown and Company\nMass market paperback edition, copyright 1946 & 1946 (serial) and 1951 (novel)\n214 pages\n\nSTG Genre: Rites of Passage\nBook Genre: Realistic coming-of-age fiction','http://localhost:8080/api/v1.0/uploads/89d62e18-f414-4cd0-972f-907147151e76.png','926dcc21-7aca-4ad6-845e-ac4af6fa53cc','The Catcher in the Rye Novel Beat Sheet ',299.00,'2025-06-25 01:22:23.236069',7),(14,'2025-06-25 01:23:10.163053','The Great Gatsby is a 1925 novel by American writer F. Scott Fitzgerald. Set in the Jazz Age on Long Island, near New York City, the novel depicts first-person narrator Nick Carraway\'s','http://localhost:8080/api/v1.0/uploads/6def8fd8-a86e-471a-8413-eb3c91b23b3f.png','3da6f628-9b10-4180-8f1b-a5fb2785f6f3','The Great Gatsby ',200.00,'2025-06-25 01:23:10.163114',7),(15,'2025-06-25 01:23:43.582637','Revolution 2020 Chetan Bhagat : Love, Corruption, Ambition is a novel about childhood friend who struggle to achieve success and love in Varanasi.','http://localhost:8080/api/v1.0/uploads/70ae05f5-bc9b-4309-92df-cb02c0cdf8e5.png','48df8ca7-f8b8-41ec-ac3a-a350402dc333','Revolution 2020',200.00,'2025-06-25 01:23:43.582687',7),(16,'2025-06-25 01:24:54.184030','Ram Rajya. The Perfect Land. But perfection has a price. He paid that price. 3400 BCE. INDIA Ayodhya is weakened by divisions. A terrible war has taken its toll. The damage runs deep. ','http://localhost:8080/api/v1.0/uploads/015f1d40-4498-4986-a757-c67fcc6caa9f.png','f6af5a58-ce00-4339-96b7-f2ab469d3a67','Ram - Scion of Ikshvaku (Ram Chandra Series Book 1',299.00,'2025-06-25 01:24:54.184037',7),(17,'2025-06-25 01:25:24.655397','India, 3400 BCE. India is beset with divisions, resentment and poverty. The people hate their rulers. They despise their corrupt and selfish elite. Chaos is just one spark away.','http://localhost:8080/api/v1.0/uploads/a956127f-3860-4857-924e-c7632e459b09.png','5ac90d30-fbf4-4539-ac8d-677103889a4f','Sita : Warrior of Mithila (Ram Chandra Series Book 2)',300.00,'2025-06-25 01:25:24.655445',7);
/*!40000 ALTER TABLE `tbl_items` ENABLE KEYS */;
UNLOCK TABLES;

--
-- Table structure for table `tbl_order_items`
--

DROP TABLE IF EXISTS `tbl_order_items`;
/*!40101 SET @saved_cs_client     = @@character_set_client */;
/*!50503 SET character_set_client = utf8mb4 */;
CREATE TABLE `tbl_order_items` (
  `id` bigint NOT NULL AUTO_INCREMENT,
  `item_id` varchar(255) DEFAULT NULL,
  `name` varchar(255) DEFAULT NULL,
  `price` double DEFAULT NULL,
  `quantity` int DEFAULT NULL,
  `order_id` bigint DEFAULT NULL,
  PRIMARY KEY (`id`),
  KEY `FKi5qvuwu0gqfww50julf2kq3d7` (`order_id`),
  CONSTRAINT `FKi5qvuwu0gqfww50julf2kq3d7` FOREIGN KEY (`order_id`) REFERENCES `tbl_orders` (`id`)
) ENGINE=InnoDB AUTO_INCREMENT=153 DEFAULT CHARSET=utf8mb4 COLLATE=utf8mb4_0900_ai_ci;
/*!40101 SET character_set_client = @saved_cs_client */;

--
-- Dumping data for table `tbl_order_items`
--

LOCK TABLES `tbl_order_items` WRITE;
/*!40000 ALTER TABLE `tbl_order_items` DISABLE KEYS */;
INSERT INTO `tbl_order_items` VALUES (1,'1839d6fd-d255-4c06-9b89-8f3f04dde10e','Dell KB216-Black Multimedia Wired Keyboard ',580,1,1),(2,'1ad09956-3b0f-4700-b315-78d9c0573669','Amkette New and Improved Optimus BT 4 in 1 Multi Device Wireless Keyboard',789,1,1),(3,'1839d6fd-d255-4c06-9b89-8f3f04dde10e','Dell KB216-Black Multimedia Wired Keyboard ',580,1,2),(4,'1ad09956-3b0f-4700-b315-78d9c0573669','Amkette New and Improved Optimus BT 4 in 1 Multi Device Wireless Keyboard',789,1,2),(5,'1839d6fd-d255-4c06-9b89-8f3f04dde10e','Dell KB216-Black Multimedia Wired Keyboard ',580,1,3),(6,'1ad09956-3b0f-4700-b315-78d9c0573669','Amkette New and Improved Optimus BT 4 in 1 Multi Device Wireless Keyboard',789,1,3),(7,'1839d6fd-d255-4c06-9b89-8f3f04dde10e','Dell KB216-Black Multimedia Wired Keyboard ',580,1,4),(8,'1ad09956-3b0f-4700-b315-78d9c0573669','Amkette New and Improved Optimus BT 4 in 1 Multi Device Wireless Keyboard',789,1,4),(9,'1839d6fd-d255-4c06-9b89-8f3f04dde10e','Dell KB216-Black Multimedia Wired Keyboard ',580,1,5),(10,'1ad09956-3b0f-4700-b315-78d9c0573669','Amkette New and Improved Optimus BT 4 in 1 Multi Device Wireless Keyboard',789,1,5),(11,'1839d6fd-d255-4c06-9b89-8f3f04dde10e','Dell KB216-Black Multimedia Wired Keyboard ',580,1,6),(12,'1ad09956-3b0f-4700-b315-78d9c0573669','Amkette New and Improved Optimus BT 4 in 1 Multi Device Wireless Keyboard',789,1,6),(13,'1839d6fd-d255-4c06-9b89-8f3f04dde10e','Dell KB216-Black Multimedia Wired Keyboard ',580,1,7),(14,'1ad09956-3b0f-4700-b315-78d9c0573669','Amkette New and Improved Optimus BT 4 in 1 Multi Device Wireless Keyboard',789,1,7),(15,'1839d6fd-d255-4c06-9b89-8f3f04dde10e','Dell KB216-Black Multimedia Wired Keyboard ',580,1,8),(16,'1ad09956-3b0f-4700-b315-78d9c0573669','Amkette New and Improved Optimus BT 4 in 1 Multi Device Wireless Keyboard',789,1,8),(17,'1839d6fd-d255-4c06-9b89-8f3f04dde10e','Dell KB216-Black Multimedia Wired Keyboard ',580,1,9),(18,'1ad09956-3b0f-4700-b315-78d9c0573669','Amkette New and Improved Optimus BT 4 in 1 Multi Device Wireless Keyboard',789,1,9),(19,'1839d6fd-d255-4c06-9b89-8f3f04dde10e','Dell KB216-Black Multimedia Wired Keyboard ',580,1,10),(20,'1ad09956-3b0f-4700-b315-78d9c0573669','Amkette New and Improved Optimus BT 4 in 1 Multi Device Wireless Keyboard',789,1,10),(21,'1839d6fd-d255-4c06-9b89-8f3f04dde10e','Dell KB216-Black Multimedia Wired Keyboard ',580,1,11),(22,'1ad09956-3b0f-4700-b315-78d9c0573669','Amkette New and Improved Optimus BT 4 in 1 Multi Device Wireless Keyboard',789,1,11),(23,'1839d6fd-d255-4c06-9b89-8f3f04dde10e','Dell KB216-Black Multimedia Wired Keyboard ',580,1,12),(24,'1ad09956-3b0f-4700-b315-78d9c0573669','Amkette New and Improved Optimus BT 4 in 1 Multi Device Wireless Keyboard',789,1,12),(25,'1839d6fd-d255-4c06-9b89-8f3f04dde10e','Dell KB216-Black Multimedia Wired Keyboard ',580,1,13),(26,'1ad09956-3b0f-4700-b315-78d9c0573669','Amkette New and Improved Optimus BT 4 in 1 Multi Device Wireless Keyboard',789,1,13),(27,'1839d6fd-d255-4c06-9b89-8f3f04dde10e','Dell KB216-Black Multimedia Wired Keyboard ',580,1,14),(28,'1839d6fd-d255-4c06-9b89-8f3f04dde10e','Dell KB216-Black Multimedia Wired Keyboard ',580,1,15),(29,'1839d6fd-d255-4c06-9b89-8f3f04dde10e','Dell KB216-Black Multimedia Wired Keyboard ',580,1,16),(30,'1839d6fd-d255-4c06-9b89-8f3f04dde10e','Dell KB216-Black Multimedia Wired Keyboard ',580,1,17),(31,'1839d6fd-d255-4c06-9b89-8f3f04dde10e','Dell KB216-Black Multimedia Wired Keyboard ',580,1,18),(32,'1839d6fd-d255-4c06-9b89-8f3f04dde10e','Dell KB216-Black Multimedia Wired Keyboard ',580,1,19),(33,'1839d6fd-d255-4c06-9b89-8f3f04dde10e','Dell KB216-Black Multimedia Wired Keyboard ',580,1,20),(34,'1839d6fd-d255-4c06-9b89-8f3f04dde10e','Dell KB216-Black Multimedia Wired Keyboard ',580,1,21),(35,'1839d6fd-d255-4c06-9b89-8f3f04dde10e','Dell KB216-Black Multimedia Wired Keyboard ',580,1,22),(36,'1839d6fd-d255-4c06-9b89-8f3f04dde10e','Dell KB216-Black Multimedia Wired Keyboard ',580,1,23),(37,'1839d6fd-d255-4c06-9b89-8f3f04dde10e','Dell KB216-Black Multimedia Wired Keyboard ',580,1,24),(38,'1839d6fd-d255-4c06-9b89-8f3f04dde10e','Dell KB216-Black Multimedia Wired Keyboard ',580,1,25),(39,'1839d6fd-d255-4c06-9b89-8f3f04dde10e','Dell KB216-Black Multimedia Wired Keyboard ',580,1,26),(40,'c1797767-d6e3-42c4-a992-6198e42fb310','Logitech K580 Slim Multi-Device Wireless KeyBoard',759,1,27),(41,'c1797767-d6e3-42c4-a992-6198e42fb310','Logitech K580 Slim Multi-Device Wireless KeyBoard',759,1,28),(42,'c1797767-d6e3-42c4-a992-6198e42fb310','Logitech K580 Slim Multi-Device Wireless KeyBoard',759,1,29),(43,'c1797767-d6e3-42c4-a992-6198e42fb310','Logitech K580 Slim Multi-Device Wireless KeyBoard',759,1,30),(44,'c1797767-d6e3-42c4-a992-6198e42fb310','Logitech K580 Slim Multi-Device Wireless KeyBoard',759,1,31),(45,'c1797767-d6e3-42c4-a992-6198e42fb310','Logitech K580 Slim Multi-Device Wireless KeyBoard',759,1,32),(46,'1839d6fd-d255-4c06-9b89-8f3f04dde10e','Dell KB216-Black Multimedia Wired Keyboard ',580,1,33),(47,'1839d6fd-d255-4c06-9b89-8f3f04dde10e','Dell KB216-Black Multimedia Wired Keyboard ',580,1,34),(48,'1839d6fd-d255-4c06-9b89-8f3f04dde10e','Dell KB216-Black Multimedia Wired Keyboard ',580,1,35),(49,'1839d6fd-d255-4c06-9b89-8f3f04dde10e','Dell KB216-Black Multimedia Wired Keyboard ',580,1,36),(50,'1839d6fd-d255-4c06-9b89-8f3f04dde10e','Dell KB216-Black Multimedia Wired Keyboard ',580,1,37),(51,'1839d6fd-d255-4c06-9b89-8f3f04dde10e','Dell KB216-Black Multimedia Wired Keyboard ',580,1,38),(52,'1839d6fd-d255-4c06-9b89-8f3f04dde10e','Dell KB216-Black Multimedia Wired Keyboard ',580,1,39),(53,'1839d6fd-d255-4c06-9b89-8f3f04dde10e','Dell KB216-Black Multimedia Wired Keyboard ',580,1,40),(54,'1839d6fd-d255-4c06-9b89-8f3f04dde10e','Dell KB216-Black Multimedia Wired Keyboard ',580,1,41),(55,'1839d6fd-d255-4c06-9b89-8f3f04dde10e','Dell KB216-Black Multimedia Wired Keyboard ',580,1,42),(56,'1839d6fd-d255-4c06-9b89-8f3f04dde10e','Dell KB216-Black Multimedia Wired Keyboard ',580,1,43),(57,'1839d6fd-d255-4c06-9b89-8f3f04dde10e','Dell KB216-Black Multimedia Wired Keyboard ',580,1,44),(58,'1839d6fd-d255-4c06-9b89-8f3f04dde10e','Dell KB216-Black Multimedia Wired Keyboard ',580,1,45),(59,'1839d6fd-d255-4c06-9b89-8f3f04dde10e','Dell KB216-Black Multimedia Wired Keyboard ',580,1,46),(60,'1839d6fd-d255-4c06-9b89-8f3f04dde10e','Dell KB216-Black Multimedia Wired Keyboard ',580,1,47),(61,'1839d6fd-d255-4c06-9b89-8f3f04dde10e','Dell KB216-Black Multimedia Wired Keyboard ',580,1,48),(62,'1839d6fd-d255-4c06-9b89-8f3f04dde10e','Dell KB216-Black Multimedia Wired Keyboard ',580,1,49),(63,'1ad09956-3b0f-4700-b315-78d9c0573669','Amkette New and Improved Optimus BT 4 in 1 Multi Device Wireless Keyboard',789,1,50),(64,'1ad09956-3b0f-4700-b315-78d9c0573669','Amkette New and Improved Optimus BT 4 in 1 Multi Device Wireless Keyboard',789,1,51),(65,'1ad09956-3b0f-4700-b315-78d9c0573669','Amkette New and Improved Optimus BT 4 in 1 Multi Device Wireless Keyboard',789,1,52),(66,'1839d6fd-d255-4c06-9b89-8f3f04dde10e','Dell KB216-Black Multimedia Wired Keyboard ',580,1,53),(67,'1839d6fd-d255-4c06-9b89-8f3f04dde10e','Dell KB216-Black Multimedia Wired Keyboard ',580,1,54),(68,'1839d6fd-d255-4c06-9b89-8f3f04dde10e','Dell KB216-Black Multimedia Wired Keyboard ',580,1,55),(69,'1839d6fd-d255-4c06-9b89-8f3f04dde10e','Dell KB216-Black Multimedia Wired Keyboard ',580,1,56),(70,'1839d6fd-d255-4c06-9b89-8f3f04dde10e','Dell KB216-Black Multimedia Wired Keyboard ',580,1,57),(71,'1839d6fd-d255-4c06-9b89-8f3f04dde10e','Dell KB216-Black Multimedia Wired Keyboard ',580,1,58),(72,'1839d6fd-d255-4c06-9b89-8f3f04dde10e','Dell KB216-Black Multimedia Wired Keyboard ',580,1,59),(73,'1839d6fd-d255-4c06-9b89-8f3f04dde10e','Dell KB216-Black Multimedia Wired Keyboard ',580,1,60),(74,'1839d6fd-d255-4c06-9b89-8f3f04dde10e','Dell KB216-Black Multimedia Wired Keyboard ',580,1,61),(75,'1839d6fd-d255-4c06-9b89-8f3f04dde10e','Dell KB216-Black Multimedia Wired Keyboard ',580,1,62),(76,'1839d6fd-d255-4c06-9b89-8f3f04dde10e','Dell KB216-Black Multimedia Wired Keyboard ',580,1,63),(77,'1839d6fd-d255-4c06-9b89-8f3f04dde10e','Dell KB216-Black Multimedia Wired Keyboard ',580,1,64),(78,'1ad09956-3b0f-4700-b315-78d9c0573669','Amkette New and Improved Optimus BT 4 in 1 Multi Device Wireless Keyboard',789,1,65),(79,'1ad09956-3b0f-4700-b315-78d9c0573669','Amkette New and Improved Optimus BT 4 in 1 Multi Device Wireless Keyboard',789,1,66),(80,'1ad09956-3b0f-4700-b315-78d9c0573669','Amkette New and Improved Optimus BT 4 in 1 Multi Device Wireless Keyboard',789,1,67),(81,'1ad09956-3b0f-4700-b315-78d9c0573669','Amkette New and Improved Optimus BT 4 in 1 Multi Device Wireless Keyboard',789,1,68),(82,'1ad09956-3b0f-4700-b315-78d9c0573669','Amkette New and Improved Optimus BT 4 in 1 Multi Device Wireless Keyboard',789,1,69),(83,'1ad09956-3b0f-4700-b315-78d9c0573669','Amkette New and Improved Optimus BT 4 in 1 Multi Device Wireless Keyboard',789,1,70),(84,'1ad09956-3b0f-4700-b315-78d9c0573669','Amkette New and Improved Optimus BT 4 in 1 Multi Device Wireless Keyboard',789,1,71),(85,'1ad09956-3b0f-4700-b315-78d9c0573669','Amkette New and Improved Optimus BT 4 in 1 Multi Device Wireless Keyboard',789,1,72),(86,'1ad09956-3b0f-4700-b315-78d9c0573669','Amkette New and Improved Optimus BT 4 in 1 Multi Device Wireless Keyboard',789,1,73),(87,'1ad09956-3b0f-4700-b315-78d9c0573669','Amkette New and Improved Optimus BT 4 in 1 Multi Device Wireless Keyboard',789,1,74),(88,'1ad09956-3b0f-4700-b315-78d9c0573669','Amkette New and Improved Optimus BT 4 in 1 Multi Device Wireless Keyboard',789,1,75),(89,'1ad09956-3b0f-4700-b315-78d9c0573669','Amkette New and Improved Optimus BT 4 in 1 Multi Device Wireless Keyboard',789,1,76),(90,'1ad09956-3b0f-4700-b315-78d9c0573669','Amkette New and Improved Optimus BT 4 in 1 Multi Device Wireless Keyboard',789,1,77),(91,'1ad09956-3b0f-4700-b315-78d9c0573669','Amkette New and Improved Optimus BT 4 in 1 Multi Device Wireless Keyboard',789,1,78),(92,'1ad09956-3b0f-4700-b315-78d9c0573669','Amkette New and Improved Optimus BT 4 in 1 Multi Device Wireless Keyboard',789,1,79),(93,'1ad09956-3b0f-4700-b315-78d9c0573669','Amkette New and Improved Optimus BT 4 in 1 Multi Device Wireless Keyboard',789,1,80),(94,'1ad09956-3b0f-4700-b315-78d9c0573669','Amkette New and Improved Optimus BT 4 in 1 Multi Device Wireless Keyboard',789,1,81),(95,'1ad09956-3b0f-4700-b315-78d9c0573669','Amkette New and Improved Optimus BT 4 in 1 Multi Device Wireless Keyboard',789,1,82),(96,'1ad09956-3b0f-4700-b315-78d9c0573669','Amkette New and Improved Optimus BT 4 in 1 Multi Device Wireless Keyboard',789,1,83),(97,'1ad09956-3b0f-4700-b315-78d9c0573669','Amkette New and Improved Optimus BT 4 in 1 Multi Device Wireless Keyboard',789,1,84),(98,'1ad09956-3b0f-4700-b315-78d9c0573669','Amkette New and Improved Optimus BT 4 in 1 Multi Device Wireless Keyboard',789,1,85),(99,'1ad09956-3b0f-4700-b315-78d9c0573669','Amkette New and Improved Optimus BT 4 in 1 Multi Device Wireless Keyboard',789,1,86),(100,'1ad09956-3b0f-4700-b315-78d9c0573669','Amkette New and Improved Optimus BT 4 in 1 Multi Device Wireless Keyboard',789,1,87),(101,'1ad09956-3b0f-4700-b315-78d9c0573669','Amkette New and Improved Optimus BT 4 in 1 Multi Device Wireless Keyboard',789,1,88),(105,'1ad09956-3b0f-4700-b315-78d9c0573669','Amkette New and Improved Optimus BT 4 in 1 Multi Device Wireless Keyboard',789,1,92),(106,'1ad09956-3b0f-4700-b315-78d9c0573669','Amkette New and Improved Optimus BT 4 in 1 Multi Device Wireless Keyboard',789,1,93),(107,'1ad09956-3b0f-4700-b315-78d9c0573669','Amkette New and Improved Optimus BT 4 in 1 Multi Device Wireless Keyboard',789,1,94),(108,'1ad09956-3b0f-4700-b315-78d9c0573669','Amkette New and Improved Optimus BT 4 in 1 Multi Device Wireless Keyboard',789,1,95),(109,'1ad09956-3b0f-4700-b315-78d9c0573669','Amkette New and Improved Optimus BT 4 in 1 Multi Device Wireless Keyboard',789,1,96),(112,'1ad09956-3b0f-4700-b315-78d9c0573669','Amkette New and Improved Optimus BT 4 in 1 Multi Device Wireless Keyboard',789,1,99),(113,'1ad09956-3b0f-4700-b315-78d9c0573669','Amkette New and Improved Optimus BT 4 in 1 Multi Device Wireless Keyboard',789,1,100),(114,'1ad09956-3b0f-4700-b315-78d9c0573669','Amkette New and Improved Optimus BT 4 in 1 Multi Device Wireless Keyboard',789,1,101),(115,'1ad09956-3b0f-4700-b315-78d9c0573669','Amkette New and Improved Optimus BT 4 in 1 Multi Device Wireless Keyboard',789,1,102),(116,'1ad09956-3b0f-4700-b315-78d9c0573669','Amkette New and Improved Optimus BT 4 in 1 Multi Device Wireless Keyboard',789,1,103),(117,'1ad09956-3b0f-4700-b315-78d9c0573669','Amkette New and Improved Optimus BT 4 in 1 Multi Device Wireless Keyboard',789,1,104),(118,'1ad09956-3b0f-4700-b315-78d9c0573669','Amkette New and Improved Optimus BT 4 in 1 Multi Device Wireless Keyboard',789,1,105),(119,'1ad09956-3b0f-4700-b315-78d9c0573669','Amkette New and Improved Optimus BT 4 in 1 Multi Device Wireless Keyboard',789,1,106),(120,'1ad09956-3b0f-4700-b315-78d9c0573669','Amkette New and Improved Optimus BT 4 in 1 Multi Device Wireless Keyboard',789,1,107),(121,'1ad09956-3b0f-4700-b315-78d9c0573669','Amkette New and Improved Optimus BT 4 in 1 Multi Device Wireless Keyboard',789,1,108),(122,'ebfdb0fe-ee8a-4f29-ae49-6b2e4baefe7d','ZEBRONICS Blanc Slim Wireless Mouse with Rechargeable Battery,',459,2,109),(123,'ebfdb0fe-ee8a-4f29-ae49-6b2e4baefe7d','ZEBRONICS Blanc Slim Wireless Mouse with Rechargeable Battery,',459,2,110),(124,'ebfdb0fe-ee8a-4f29-ae49-6b2e4baefe7d','ZEBRONICS Blanc Slim Wireless Mouse with Rechargeable Battery,',459,2,111),(125,'5df0340f-9229-475a-9a10-17a3a11fe31d','Portronics Toad One Bluetooth Mouse with 2.4 GHz & BT 5.3 Dual Wireless',320,1,112),(126,'1ad09956-3b0f-4700-b315-78d9c0573669','Amkette New and Improved Optimus BT 4 in 1 Multi Device Wireless Keyboard',789,1,113),(127,'1ad09956-3b0f-4700-b315-78d9c0573669','Amkette New and Improved Optimus BT 4 in 1 Multi Device Wireless Keyboard',789,2,114),(128,'1ad09956-3b0f-4700-b315-78d9c0573669','Amkette New and Improved Optimus BT 4 in 1 Multi Device Wireless Keyboard',789,2,115),(129,'1ad09956-3b0f-4700-b315-78d9c0573669','Amkette New and Improved Optimus BT 4 in 1 Multi Device Wireless Keyboard',789,2,116),(130,'1ad09956-3b0f-4700-b315-78d9c0573669','Amkette New and Improved Optimus BT 4 in 1 Multi Device Wireless Keyboard',789,2,117),(131,'1ad09956-3b0f-4700-b315-78d9c0573669','Amkette New and Improved Optimus BT 4 in 1 Multi Device Wireless Keyboard',789,2,118),(132,'1ad09956-3b0f-4700-b315-78d9c0573669','Amkette New and Improved Optimus BT 4 in 1 Multi Device Wireless Keyboard',789,2,119),(133,'1ad09956-3b0f-4700-b315-78d9c0573669','Amkette New and Improved Optimus BT 4 in 1 Multi Device Wireless Keyboard',789,2,120),(134,'1ad09956-3b0f-4700-b315-78d9c0573669','Amkette New and Improved Optimus BT 4 in 1 Multi Device Wireless Keyboard',789,2,121),(135,'1ad09956-3b0f-4700-b315-78d9c0573669','Amkette New and Improved Optimus BT 4 in 1 Multi Device Wireless Keyboard',789,2,122),(136,'1ad09956-3b0f-4700-b315-78d9c0573669','Amkette New and Improved Optimus BT 4 in 1 Multi Device Wireless Keyboard',789,2,123),(137,'1ad09956-3b0f-4700-b315-78d9c0573669','Amkette New and Improved Optimus BT 4 in 1 Multi Device Wireless Keyboard',789,2,124),(138,'1ad09956-3b0f-4700-b315-78d9c0573669','Amkette New and Improved Optimus BT 4 in 1 Multi Device Wireless Keyboard',789,2,125),(139,'1ad09956-3b0f-4700-b315-78d9c0573669','Amkette New and Improved Optimus BT 4 in 1 Multi Device Wireless Keyboard',789,2,126),(140,'1ad09956-3b0f-4700-b315-78d9c0573669','Amkette New and Improved Optimus BT 4 in 1 Multi Device Wireless Keyboard',789,2,127),(141,'47df2e07-2f5a-4c70-b362-16004f048115','Logitech M221 Wireless Mouse, Silent Buttons, 2.4 GHz with USB Mini Receiver',629,1,128),(142,'47df2e07-2f5a-4c70-b362-16004f048115','Logitech M221 Wireless Mouse, Silent Buttons, 2.4 GHz with USB Mini Receiver',629,1,129),(143,'47df2e07-2f5a-4c70-b362-16004f048115','Logitech M221 Wireless Mouse, Silent Buttons, 2.4 GHz with USB Mini Receiver',629,1,130),(144,'47df2e07-2f5a-4c70-b362-16004f048115','Logitech M221 Wireless Mouse, Silent Buttons, 2.4 GHz with USB Mini Receiver',629,1,131),(145,'47df2e07-2f5a-4c70-b362-16004f048115','Logitech M221 Wireless Mouse, Silent Buttons, 2.4 GHz with USB Mini Receiver',629,1,132),(146,'47df2e07-2f5a-4c70-b362-16004f048115','Logitech M221 Wireless Mouse, Silent Buttons, 2.4 GHz with USB Mini Receiver',629,1,133),(147,'47df2e07-2f5a-4c70-b362-16004f048115','Logitech M221 Wireless Mouse, Silent Buttons, 2.4 GHz with USB Mini Receiver',629,1,134),(148,'47df2e07-2f5a-4c70-b362-16004f048115','Logitech M221 Wireless Mouse, Silent Buttons, 2.4 GHz with USB Mini Receiver',629,1,135),(149,'47df2e07-2f5a-4c70-b362-16004f048115','Logitech M221 Wireless Mouse, Silent Buttons, 2.4 GHz with USB Mini Receiver',629,1,136),(150,'47df2e07-2f5a-4c70-b362-16004f048115','Logitech M221 Wireless Mouse, Silent Buttons, 2.4 GHz with USB Mini Receiver',629,1,137),(151,'47df2e07-2f5a-4c70-b362-16004f048115','Logitech M221 Wireless Mouse, Silent Buttons, 2.4 GHz with USB Mini Receiver',629,1,138),(152,'ebfdb0fe-ee8a-4f29-ae49-6b2e4baefe7d','ZEBRONICS Blanc Slim Wireless Mouse with Rechargeable Battery,',459,1,139);
/*!40000 ALTER TABLE `tbl_order_items` ENABLE KEYS */;
UNLOCK TABLES;

--
-- Table structure for table `tbl_orders`
--

DROP TABLE IF EXISTS `tbl_orders`;
/*!40101 SET @saved_cs_client     = @@character_set_client */;
/*!50503 SET character_set_client = utf8mb4 */;
CREATE TABLE `tbl_orders` (
  `id` bigint NOT NULL AUTO_INCREMENT,
  `created_at` datetime(6) DEFAULT NULL,
  `customer_name` varchar(255) DEFAULT NULL,
  `grand_total` double DEFAULT NULL,
  `order_id` varchar(255) DEFAULT NULL,
  `razorpay_order_id` varchar(255) DEFAULT NULL,
  `razorpay_payment_id` varchar(255) DEFAULT NULL,
  `razorpay_signature` varchar(255) DEFAULT NULL,
  `status` tinyint DEFAULT NULL,
  `payment_method` enum('CASH','UPI') DEFAULT NULL,
  `phone_number` varchar(255) DEFAULT NULL,
  `subtotal` double DEFAULT NULL,
  `tax` double DEFAULT NULL,
  PRIMARY KEY (`id`),
  CONSTRAINT `tbl_orders_chk_1` CHECK ((`status` between 0 and 2))
) ENGINE=InnoDB AUTO_INCREMENT=140 DEFAULT CHARSET=utf8mb4 COLLATE=utf8mb4_0900_ai_ci;
/*!40101 SET character_set_client = @saved_cs_client */;

--
-- Dumping data for table `tbl_orders`
--

LOCK TABLES `tbl_orders` WRITE;
/*!40000 ALTER TABLE `tbl_orders` DISABLE KEYS */;
INSERT INTO `tbl_orders` VALUES (1,'2025-06-10 14:09:50.981231','adi',1382.69,'ORD1749544790980',NULL,NULL,NULL,0,'UPI','7060078876',1369,13.69),(2,'2025-06-10 14:09:54.343177','adi',1382.69,'ORD1749544794343',NULL,NULL,NULL,1,'CASH','7060078876',1369,13.69),(3,'2025-06-18 15:50:13.673797','ad',1382.69,'ORD1750242013673',NULL,NULL,NULL,0,'UPI','7060078876',1369,13.69),(4,'2025-06-18 15:50:20.078557','ad',1382.69,'ORD1750242020078',NULL,NULL,NULL,0,'UPI','7060078876',1369,13.69),(5,'2025-06-18 15:50:21.024567','ad',1382.69,'ORD1750242021024',NULL,NULL,NULL,0,'UPI','7060078876',1369,13.69),(6,'2025-06-18 15:50:21.403803','ad',1382.69,'ORD1750242021403',NULL,NULL,NULL,0,'UPI','7060078876',1369,13.69),(7,'2025-06-18 15:50:22.256627','ad',1382.69,'ORD1750242022256',NULL,NULL,NULL,0,'UPI','7060078876',1369,13.69),(8,'2025-06-18 15:50:22.449226','ad',1382.69,'ORD1750242022449',NULL,NULL,NULL,0,'UPI','7060078876',1369,13.69),(9,'2025-06-18 15:50:22.628141','ad',1382.69,'ORD1750242022628',NULL,NULL,NULL,0,'UPI','7060078876',1369,13.69),(10,'2025-06-18 15:50:22.833245','ad',1382.69,'ORD1750242022833',NULL,NULL,NULL,0,'UPI','7060078876',1369,13.69),(11,'2025-06-18 15:50:23.017079','ad',1382.69,'ORD1750242023017',NULL,NULL,NULL,0,'UPI','7060078876',1369,13.69),(12,'2025-06-18 15:50:46.318035','ad',1382.69,'ORD1750242046317',NULL,NULL,NULL,0,'UPI','7060078876',1369,13.69),(13,'2025-06-18 15:51:10.625545','ad',1382.69,'ORD1750242070625',NULL,NULL,NULL,0,'UPI','7060078876',1369,13.69),(14,'2025-06-24 16:24:20.565243','sda',585.8,'ORD1750762460565',NULL,NULL,NULL,0,'UPI','dsa',580,5.8),(15,'2025-06-24 16:33:52.521056','sda',585.8,'ORD1750763032520',NULL,NULL,NULL,0,'UPI','dsa',580,5.8),(16,'2025-06-24 16:37:16.722920','sda',585.8,'ORD1750763236722',NULL,NULL,NULL,0,'UPI','dsa',580,5.8),(17,'2025-06-24 16:37:21.268581','sda',585.8,'ORD1750763241268',NULL,NULL,NULL,0,'UPI','dsa',580,5.8),(18,'2025-06-24 16:49:33.587352','wqe',585.8,'ORD1750763973587',NULL,NULL,NULL,0,'UPI','2134324231',580,5.8),(19,'2025-06-24 16:49:34.539271','wqe',585.8,'ORD1750763974539',NULL,NULL,NULL,0,'UPI','2134324231',580,5.8),(20,'2025-06-24 16:49:34.772288','wqe',585.8,'ORD1750763974772',NULL,NULL,NULL,0,'UPI','2134324231',580,5.8),(21,'2025-06-24 16:49:34.956331','wqe',585.8,'ORD1750763974956',NULL,NULL,NULL,0,'UPI','2134324231',580,5.8),(22,'2025-06-24 16:49:35.188066','wqe',585.8,'ORD1750763975188',NULL,NULL,NULL,0,'UPI','2134324231',580,5.8),(23,'2025-06-24 16:49:58.479279','wqe',585.8,'ORD1750763998479',NULL,NULL,NULL,0,'UPI','2134324231',580,5.8),(24,'2025-06-24 16:49:59.321727','wqe',585.8,'ORD1750763999321',NULL,NULL,NULL,0,'UPI','2134324231',580,5.8),(25,'2025-06-24 16:49:59.537649','wqe',585.8,'ORD1750763999537',NULL,NULL,NULL,0,'UPI','2134324231',580,5.8),(26,'2025-06-24 16:50:29.115267','wqe',585.8,'ORD1750764029115',NULL,NULL,NULL,0,'UPI','2134324231',580,5.8),(27,'2025-06-24 16:58:46.752597','adi',766.59,'ORD1750764526752',NULL,NULL,NULL,0,'UPI','7060078876',759,7.59),(28,'2025-06-24 16:58:49.917455','adi',766.59,'ORD1750764529917',NULL,NULL,NULL,0,'UPI','7060078876',759,7.59),(29,'2025-06-24 16:58:50.136842','adi',766.59,'ORD1750764530136',NULL,NULL,NULL,0,'UPI','7060078876',759,7.59),(30,'2025-06-24 16:58:50.301164','adi',766.59,'ORD1750764530301',NULL,NULL,NULL,0,'UPI','7060078876',759,7.59),(31,'2025-06-24 16:58:50.451339','adi',766.59,'ORD1750764530451',NULL,NULL,NULL,0,'UPI','7060078876',759,7.59),(32,'2025-06-24 17:01:04.372990','adi',766.59,'ORD1750764664372',NULL,NULL,NULL,0,'UPI','7060078876',759,7.59),(33,'2025-06-24 17:11:08.868510','ADITYA',585.8,'ORD1750765268868',NULL,NULL,NULL,0,'UPI','7060078876',580,5.8),(34,'2025-06-24 17:11:10.080845','ADITYA',585.8,'ORD1750765270080',NULL,NULL,NULL,0,'UPI','7060078876',580,5.8),(35,'2025-06-24 17:11:10.415854','ADITYA',585.8,'ORD1750765270415',NULL,NULL,NULL,0,'UPI','7060078876',580,5.8),(36,'2025-06-24 17:15:28.800697','ADITYA',585.8,'ORD1750765528800',NULL,NULL,NULL,0,'UPI','7060078876',580,5.8),(37,'2025-06-24 17:15:29.498388','ADITYA',585.8,'ORD1750765529498',NULL,NULL,NULL,0,'UPI','7060078876',580,5.8),(38,'2025-06-24 17:16:23.106321','ADITYA',585.8,'ORD1750765583106',NULL,NULL,NULL,0,'UPI','7060078876',580,5.8),(39,'2025-06-24 17:16:23.950529','ADITYA',585.8,'ORD1750765583950',NULL,NULL,NULL,0,'UPI','7060078876',580,5.8),(40,'2025-06-24 17:16:24.130155','ADITYA',585.8,'ORD1750765584130',NULL,NULL,NULL,0,'UPI','7060078876',580,5.8),(41,'2025-06-24 17:16:24.295834','ADITYA',585.8,'ORD1750765584295',NULL,NULL,NULL,0,'UPI','7060078876',580,5.8),(42,'2025-06-24 17:16:24.476293','ADITYA',585.8,'ORD1750765584476',NULL,NULL,NULL,0,'UPI','7060078876',580,5.8),(43,'2025-06-24 17:16:24.643913','ADITYA',585.8,'ORD1750765584643',NULL,NULL,NULL,0,'UPI','7060078876',580,5.8),(44,'2025-06-24 17:16:24.827876','ADITYA',585.8,'ORD1750765584827',NULL,NULL,NULL,0,'UPI','7060078876',580,5.8),(45,'2025-06-24 17:16:25.008664','ADITYA',585.8,'ORD1750765585008',NULL,NULL,NULL,0,'UPI','7060078876',580,5.8),(46,'2025-06-24 17:16:25.173704','ADITYA',585.8,'ORD1750765585173',NULL,NULL,NULL,0,'UPI','7060078876',580,5.8),(47,'2025-06-24 17:16:25.374921','ADITYA',585.8,'ORD1750765585374',NULL,NULL,NULL,0,'UPI','7060078876',580,5.8),(48,'2025-06-24 17:16:25.527629','ADITYA',585.8,'ORD1750765585527',NULL,NULL,NULL,0,'UPI','7060078876',580,5.8),(49,'2025-06-24 17:16:25.695029','ADITYA',585.8,'ORD1750765585695',NULL,NULL,NULL,0,'UPI','7060078876',580,5.8),(50,'2025-06-24 17:19:14.639409','ADITYA',796.89,'ORD1750765754639',NULL,NULL,NULL,0,'UPI','7060078876',789,7.890000000000001),(51,'2025-06-24 17:19:15.496479','ADITYA',796.89,'ORD1750765755496',NULL,NULL,NULL,0,'UPI','7060078876',789,7.890000000000001),(52,'2025-06-24 17:19:15.711188','ADITYA',796.89,'ORD1750765755711',NULL,NULL,NULL,0,'UPI','7060078876',789,7.890000000000001),(53,'2025-06-24 17:21:37.050722','ADITYA',585.8,'ORD1750765897050',NULL,NULL,NULL,0,'UPI','7060078876',580,5.8),(54,'2025-06-24 17:21:48.633583','ADITYA',585.8,'ORD1750765908633',NULL,NULL,NULL,0,'UPI','7060078876',580,5.8),(55,'2025-06-24 17:21:49.478621','ADITYA',585.8,'ORD1750765909478',NULL,NULL,NULL,0,'UPI','7060078876',580,5.8),(56,'2025-06-24 17:21:49.712819','ADITYA',585.8,'ORD1750765909712',NULL,NULL,NULL,0,'UPI','7060078876',580,5.8),(57,'2025-06-24 17:21:50.029486','ADITYA',585.8,'ORD1750765910029',NULL,NULL,NULL,0,'UPI','7060078876',580,5.8),(58,'2025-06-24 17:21:50.263579','ADITYA',585.8,'ORD1750765910263',NULL,NULL,NULL,0,'UPI','7060078876',580,5.8),(59,'2025-06-24 17:21:50.461299','ADITYA',585.8,'ORD1750765910461',NULL,NULL,NULL,0,'UPI','7060078876',580,5.8),(60,'2025-06-24 17:21:50.662878','ADITYA',585.8,'ORD1750765910662',NULL,NULL,NULL,0,'UPI','7060078876',580,5.8),(61,'2025-06-24 17:21:50.844053','ADITYA',585.8,'ORD1750765910844',NULL,NULL,NULL,0,'UPI','7060078876',580,5.8),(62,'2025-06-24 17:21:51.027375','ADITYA',585.8,'ORD1750765911027',NULL,NULL,NULL,0,'UPI','7060078876',580,5.8),(63,'2025-06-24 17:21:51.195994','ADITYA',585.8,'ORD1750765911195',NULL,NULL,NULL,0,'UPI','7060078876',580,5.8),(64,'2025-06-24 17:21:51.995528','ADITYA',585.8,'ORD1750765911995',NULL,NULL,NULL,0,'UPI','7060078876',580,5.8),(65,'2025-06-24 17:26:37.426110','adi',796.89,'ORD1750766197426',NULL,NULL,NULL,0,'UPI','7060078876',789,7.890000000000001),(66,'2025-06-24 17:26:38.295639','adi',796.89,'ORD1750766198295',NULL,NULL,NULL,0,'UPI','7060078876',789,7.890000000000001),(67,'2025-06-24 17:26:38.730077','adi',796.89,'ORD1750766198730',NULL,NULL,NULL,0,'UPI','7060078876',789,7.890000000000001),(68,'2025-06-24 17:27:52.408770','adi',796.89,'ORD1750766272408',NULL,NULL,NULL,0,'UPI','7060078876',789,7.890000000000001),(69,'2025-06-24 17:27:55.234122','adi',796.89,'ORD1750766275234',NULL,NULL,NULL,0,'UPI','7060078876',789,7.890000000000001),(70,'2025-06-24 17:28:32.647602','adi',796.89,'ORD1750766312647',NULL,NULL,NULL,0,'UPI','7060078876',789,7.890000000000001),(71,'2025-06-24 17:32:03.232624','adi',796.89,'ORD1750766523232',NULL,NULL,NULL,0,'UPI','7060078876',789,7.890000000000001),(72,'2025-06-24 17:32:04.096544','adi',796.89,'ORD1750766524096',NULL,NULL,NULL,0,'UPI','7060078876',789,7.890000000000001),(73,'2025-06-24 17:32:04.276942','adi',796.89,'ORD1750766524276',NULL,NULL,NULL,0,'UPI','7060078876',789,7.890000000000001),(74,'2025-06-24 17:36:06.485480','adi',796.89,'ORD1750766766485',NULL,NULL,NULL,0,'UPI','123',789,7.890000000000001),(75,'2025-06-24 17:36:07.270126','adi',796.89,'ORD1750766767270',NULL,NULL,NULL,0,'UPI','123',789,7.890000000000001),(76,'2025-06-24 17:36:07.611349','adi',796.89,'ORD1750766767611',NULL,NULL,NULL,0,'UPI','123',789,7.890000000000001),(77,'2025-06-24 17:36:07.790682','adi',796.89,'ORD1750766767790',NULL,NULL,NULL,0,'UPI','123',789,7.890000000000001),(78,'2025-06-24 17:36:07.957882','adi',796.89,'ORD1750766767957',NULL,NULL,NULL,0,'UPI','123',789,7.890000000000001),(79,'2025-06-24 17:43:55.423778','ADITYA',796.89,'ORD1750767235423',NULL,NULL,NULL,0,'UPI','7060078876',789,7.890000000000001),(80,'2025-06-24 17:45:29.654502','adi',796.89,'ORD1750767329654',NULL,NULL,NULL,0,'UPI','123',789,7.890000000000001),(81,'2025-06-24 17:50:02.522343','aditya',796.89,'ORD1750767602522',NULL,NULL,NULL,0,'UPI','7060078876',789,7.890000000000001),(82,'2025-06-24 17:52:01.675155','aditya',796.89,'ORD1750767721675',NULL,NULL,NULL,0,'UPI','7060078876',789,7.890000000000001),(83,'2025-06-24 17:52:25.381668','aditya',796.89,'ORD1750767745381',NULL,NULL,NULL,0,'UPI','7060078876',789,7.890000000000001),(84,'2025-06-24 17:53:10.260247','aditya',796.89,'ORD1750767790260',NULL,NULL,NULL,0,'UPI','7060078876',789,7.890000000000001),(85,'2025-06-24 17:54:01.924901','ADITYA',796.89,'ORD1750767841924',NULL,NULL,NULL,0,'UPI','7060078876',789,7.890000000000001),(86,'2025-06-24 17:55:37.425489','aditya',796.89,'ORD1750767937425',NULL,NULL,NULL,0,'UPI','7060078876',789,7.890000000000001),(87,'2025-06-24 17:56:45.046082','aditya',796.89,'ORD1750768005046',NULL,NULL,NULL,0,'UPI','7060078876',789,7.890000000000001),(88,'2025-06-24 17:58:40.272291','ADITYA',796.89,'ORD1750768120272',NULL,NULL,NULL,0,'UPI','7060078876',789,7.890000000000001),(92,'2025-06-24 18:13:01.990364','ADITYA',796.89,'ORD1750768981990',NULL,NULL,NULL,0,'UPI','7060078876',789,7.890000000000001),(93,'2025-06-24 18:13:03.856210','ADITYA',796.89,'ORD1750768983856',NULL,NULL,NULL,0,'UPI','7060078876',789,7.890000000000001),(94,'2025-06-24 18:13:04.887467','ADITYA',796.89,'ORD1750768984887',NULL,NULL,NULL,0,'UPI','7060078876',789,7.890000000000001),(95,'2025-06-24 18:14:14.563591','ADITYA',796.89,'ORD1750769054563',NULL,NULL,NULL,0,'UPI','7060078876',789,7.890000000000001),(96,'2025-06-24 18:14:15.986966','ADITYA',796.89,'ORD1750769055986',NULL,NULL,NULL,0,'UPI','7060078876',789,7.890000000000001),(99,'2025-06-24 18:17:57.667376','ADITYA',796.89,'ORD1750769277667',NULL,NULL,NULL,0,'UPI','7060078876',789,7.890000000000001),(100,'2025-06-24 18:17:59.111253','ADITYA',796.89,'ORD1750769279111',NULL,NULL,NULL,0,'UPI','7060078876',789,7.890000000000001),(101,'2025-06-24 18:17:59.841196','ADITYA',796.89,'ORD1750769279841',NULL,NULL,NULL,0,'UPI','7060078876',789,7.890000000000001),(102,'2025-06-24 18:22:48.738631','ADITYA',796.89,'ORD1750769568738',NULL,NULL,NULL,0,'UPI','7060078876',789,7.890000000000001),(103,'2025-06-24 18:27:03.727481','ADITYA',796.89,'ORD1750769823727',NULL,NULL,NULL,0,'UPI','7060078876',789,7.890000000000001),(104,'2025-06-24 18:43:00.922234','aS',796.89,'ORD1750770780922',NULL,NULL,NULL,0,'UPI','7060078876',789,7.890000000000001),(105,'2025-06-24 18:50:37.818813','aS',796.89,'ORD1750771237818',NULL,NULL,NULL,0,'UPI','7060078876',789,7.890000000000001),(106,'2025-06-24 18:50:38.271092','aS',796.89,'ORD1750771238271',NULL,NULL,NULL,0,'UPI','7060078876',789,7.890000000000001),(107,'2025-06-24 18:50:39.458577','aS',796.89,'ORD1750771239458',NULL,NULL,NULL,0,'UPI','7060078876',789,7.890000000000001),(108,'2025-06-24 18:51:31.396134','aS',796.89,'ORD1750771291396',NULL,NULL,NULL,0,'UPI','7060078876',789,7.890000000000001),(109,'2025-06-24 18:51:53.834293','SAD',927.18,'ORD1750771313834',NULL,NULL,NULL,0,'UPI','SDA',918,9.18),(110,'2025-06-24 18:52:20.368508','SAD',927.18,'ORD1750771340368',NULL,NULL,NULL,0,'UPI','7060078876',918,9.18),(111,'2025-06-24 18:56:15.839991','sa',927.18,'ORD1750771575839',NULL,NULL,NULL,0,'UPI','7060078876',918,9.18),(112,'2025-06-24 18:58:13.370158','as',323.2,'ORD1750771693370',NULL,NULL,NULL,0,'UPI','7060078876',320,3.2),(113,'2025-06-24 19:01:20.224447','sad',796.89,'ORD1750771880224',NULL,NULL,NULL,1,'CASH','das',789,7.890000000000001),(114,'2025-06-24 19:01:26.481519','sadw',1593.78,'ORD1750771886481',NULL,NULL,NULL,1,'CASH','das',1578,15.780000000000001),(115,'2025-06-24 19:02:42.507953','asd',1593.78,'ORD1750771962507',NULL,NULL,NULL,0,'UPI','sdad',1578,15.780000000000001),(116,'2025-06-24 19:07:27.256222','tfuyf',1593.78,'ORD1750772247255',NULL,NULL,NULL,0,'UPI','gfxcfgc',1578,15.780000000000001),(117,'2025-06-24 19:07:27.897608','tfuyf',1593.78,'ORD1750772247897',NULL,NULL,NULL,0,'UPI','gfxcfgc',1578,15.780000000000001),(118,'2025-06-24 19:07:28.348182','tfuyf',1593.78,'ORD1750772248348',NULL,NULL,NULL,0,'UPI','gfxcfgc',1578,15.780000000000001),(119,'2025-06-24 19:07:28.530643','tfuyf',1593.78,'ORD1750772248530',NULL,NULL,NULL,0,'UPI','gfxcfgc',1578,15.780000000000001),(120,'2025-06-24 19:07:28.697400','tfuyf',1593.78,'ORD1750772248697',NULL,NULL,NULL,0,'UPI','gfxcfgc',1578,15.780000000000001),(121,'2025-06-24 19:07:28.862112','tfuyf',1593.78,'ORD1750772248862',NULL,NULL,NULL,0,'UPI','gfxcfgc',1578,15.780000000000001),(122,'2025-06-24 19:07:29.031220','tfuyf',1593.78,'ORD1750772249031',NULL,NULL,NULL,0,'UPI','gfxcfgc',1578,15.780000000000001),(123,'2025-06-24 19:07:29.178195','tfuyf',1593.78,'ORD1750772249178',NULL,NULL,NULL,0,'UPI','gfxcfgc',1578,15.780000000000001),(124,'2025-06-24 19:07:29.328500','tfuyf',1593.78,'ORD1750772249328',NULL,NULL,NULL,0,'UPI','gfxcfgc',1578,15.780000000000001),(125,'2025-06-24 19:07:29.493983','tfuyf',1593.78,'ORD1750772249493',NULL,NULL,NULL,0,'UPI','gfxcfgc',1578,15.780000000000001),(126,'2025-06-24 19:07:29.661299','tfuyf',1593.78,'ORD1750772249661',NULL,NULL,NULL,0,'UPI','gfxcfgc',1578,15.780000000000001),(127,'2025-06-24 19:07:29.829533','tfuyf',1593.78,'ORD1750772249829',NULL,NULL,NULL,0,'UPI','gfxcfgc',1578,15.780000000000001),(128,'2025-06-24 19:07:49.860732','uftuyfuyg',635.29,'ORD1750772269860',NULL,NULL,NULL,0,'UPI','ytfyutfkuyfluy',629,6.29),(129,'2025-06-24 19:07:49.997300','uftuyfuyg',635.29,'ORD1750772269997',NULL,NULL,NULL,0,'UPI','ytfyutfkuyfluy',629,6.29),(130,'2025-06-24 19:07:50.164594','uftuyfuyg',635.29,'ORD1750772270164',NULL,NULL,NULL,0,'UPI','ytfyutfkuyfluy',629,6.29),(131,'2025-06-24 19:07:50.330056','uftuyfuyg',635.29,'ORD1750772270330',NULL,NULL,NULL,0,'UPI','ytfyutfkuyfluy',629,6.29),(132,'2025-06-24 19:07:50.480852','uftuyfuyg',635.29,'ORD1750772270480',NULL,NULL,NULL,0,'UPI','ytfyutfkuyfluy',629,6.29),(133,'2025-06-24 19:07:50.647539','uftuyfuyg',635.29,'ORD1750772270647',NULL,NULL,NULL,0,'UPI','ytfyutfkuyfluy',629,6.29),(134,'2025-06-24 19:07:50.809722','uftuyfuyg',635.29,'ORD1750772270809',NULL,NULL,NULL,0,'UPI','ytfyutfkuyfluy',629,6.29),(135,'2025-06-24 19:07:50.980944','uftuyfuyg',635.29,'ORD1750772270980',NULL,NULL,NULL,0,'UPI','ytfyutfkuyfluy',629,6.29),(136,'2025-06-24 19:07:51.131339','uftuyfuyg',635.29,'ORD1750772271131',NULL,NULL,NULL,0,'UPI','ytfyutfkuyfluy',629,6.29),(137,'2025-06-24 19:07:51.306863','uftuyfuyg',635.29,'ORD1750772271306',NULL,NULL,NULL,0,'UPI','ytfyutfkuyfluy',629,6.29),(138,'2025-06-24 19:08:10.713497','jhfj',635.29,'ORD1750772290713',NULL,NULL,NULL,1,'CASH','ufuj',629,6.29),(139,'2025-06-25 00:55:54.374615','fea',463.59,'ORD1750793154374',NULL,NULL,NULL,1,'CASH','awd',459,4.59);
/*!40000 ALTER TABLE `tbl_orders` ENABLE KEYS */;
UNLOCK TABLES;

--
-- Table structure for table `tbl_users`
--

DROP TABLE IF EXISTS `tbl_users`;
/*!40101 SET @saved_cs_client     = @@character_set_client */;
/*!50503 SET character_set_client = utf8mb4 */;
CREATE TABLE `tbl_users` (
  `id` bigint NOT NULL AUTO_INCREMENT,
  `created_at` datetime(6) DEFAULT NULL,
  `email` varchar(255) DEFAULT NULL,
  `name` varchar(255) DEFAULT NULL,
  `password` varchar(255) DEFAULT NULL,
  `role` varchar(255) DEFAULT NULL,
  `updated_at` datetime(6) DEFAULT NULL,
  `user_id` varchar(255) DEFAULT NULL,
  PRIMARY KEY (`id`),
  UNIQUE KEY `UKmjbs9x9gfunub398pfm26lmnd` (`user_id`)
) ENGINE=InnoDB AUTO_INCREMENT=3 DEFAULT CHARSET=utf8mb4 COLLATE=utf8mb4_0900_ai_ci;
/*!40101 SET character_set_client = @saved_cs_client */;

--
-- Dumping data for table `tbl_users`
--

LOCK TABLES `tbl_users` WRITE;
/*!40000 ALTER TABLE `tbl_users` DISABLE KEYS */;
INSERT INTO `tbl_users` VALUES (1,'2025-06-07 00:58:08.000000','aditya@example.com','Aditya','$2a$10$sKONEFOc1hpz6WwhBuUmdu43akBApK6/I0.FuiwoIgLtO5bgRe20C','admin','2025-06-07 00:58:08.000000','user_12345'),(2,'2025-06-08 18:17:57.542136','adityavardhankhanna@gmail.com','adityakhanna','adityakhana','ROLE_USER','2025-06-08 18:17:57.542189','f929c1a9-6a4d-4d78-803b-2ed7e83c9b27');
/*!40000 ALTER TABLE `tbl_users` ENABLE KEYS */;
UNLOCK TABLES;
/*!40103 SET TIME_ZONE=@OLD_TIME_ZONE */;

/*!40101 SET SQL_MODE=@OLD_SQL_MODE */;
/*!40014 SET FOREIGN_KEY_CHECKS=@OLD_FOREIGN_KEY_CHECKS */;
/*!40014 SET UNIQUE_CHECKS=@OLD_UNIQUE_CHECKS */;
/*!40101 SET CHARACTER_SET_CLIENT=@OLD_CHARACTER_SET_CLIENT */;
/*!40101 SET CHARACTER_SET_RESULTS=@OLD_CHARACTER_SET_RESULTS */;
/*!40101 SET COLLATION_CONNECTION=@OLD_COLLATION_CONNECTION */;
/*!40111 SET SQL_NOTES=@OLD_SQL_NOTES */;

-- Dump completed on 2025-06-25 21:12:12
